Timestamp,Level,Type,Channel,Message
2025-10-28T20:15:06,WARN,Other,,"WARN: Local LLM latency 2055ms"
2025-10-28T20:15:06,WARN,BASELINEWARN,Local LLM,"BASELINE WARN: Local LLM sustained latency 2060ms (avg over 20 samples)"
2025-10-28T20:15:06,WARN,Spike,Cloud AI,"SPIKE: Cloud AI latency 307ms (avg 277 +/- 8)"
2025-10-28T20:20:06,WARN,Other,,"WARN: Local LLM latency 2060ms"
2025-10-28T20:20:06,WARN,BASELINEWARN,Local LLM,"BASELINE WARN: Local LLM sustained latency 2060ms (avg over 20 samples)"
2025-10-28T20:25:06,WARN,Other,,"WARN: Local LLM latency 2058ms"
2025-10-28T20:25:06,WARN,BASELINEWARN,Local LLM,"BASELINE WARN: Local LLM sustained latency 2060ms (avg over 20 samples)"
2025-10-28T20:25:06,WARN,Spike,Cloud AI,"SPIKE: Cloud AI latency 313ms (avg 283 +/- 13)"
2025-10-28T20:30:06,WARN,Other,,"WARN: Local LLM latency 2061ms"
2025-10-28T20:30:06,WARN,BASELINEWARN,Local LLM,"BASELINE WARN: Local LLM sustained latency 2060ms (avg over 20 samples)"
2025-10-28T20:35:06,WARN,Other,,"WARN: Local LLM latency 2058ms"
2025-10-28T20:35:06,WARN,BASELINEWARN,Local LLM,"BASELINE WARN: Local LLM sustained latency 2060ms (avg over 20 samples)"
2025-10-28T20:40:06,WARN,Other,,"WARN: Local LLM latency 2061ms"
2025-10-28T20:40:06,WARN,BASELINEWARN,Local LLM,"BASELINE WARN: Local LLM sustained latency 2060ms (avg over 20 samples)"
2025-10-28T20:45:06,WARN,Other,,"WARN: Local LLM latency 2051ms"
2025-10-28T20:45:06,WARN,BASELINEWARN,Local LLM,"BASELINE WARN: Local LLM sustained latency 2059ms (avg over 20 samples)"
2025-10-28T20:50:09,WARN,Other,,"WARN: Local LLM latency 2059ms"
2025-10-28T20:50:09,WARN,BASELINEWARN,Local LLM,"BASELINE WARN: Local LLM sustained latency 2059ms (avg over 20 samples)"
2025-10-28T20:55:06,WARN,Other,,"WARN: Local LLM latency 2063ms"
2025-10-28T20:55:06,WARN,BASELINEWARN,Local LLM,"BASELINE WARN: Local LLM sustained latency 2059ms (avg over 20 samples)"
2025-10-28T21:00:06,WARN,Other,,"WARN: Local LLM latency 2056ms"
2025-10-28T21:00:06,WARN,BASELINEWARN,Local LLM,"BASELINE WARN: Local LLM sustained latency 2059ms (avg over 20 samples)"
2025-10-28T21:05:06,WARN,Other,,"WARN: Local LLM latency 2058ms"
2025-10-28T21:05:06,WARN,BASELINEWARN,Local LLM,"BASELINE WARN: Local LLM sustained latency 2059ms (avg over 20 samples)"
2025-10-28T21:10:06,WARN,Other,,"WARN: Local LLM latency 2058ms"
2025-10-28T21:10:06,WARN,BASELINEWARN,Local LLM,"BASELINE WARN: Local LLM sustained latency 2058ms (avg over 20 samples)"
2025-10-28T21:15:06,WARN,Other,,"WARN: Local LLM latency 2060ms"
2025-10-28T21:15:06,WARN,BASELINEWARN,Local LLM,"BASELINE WARN: Local LLM sustained latency 2058ms (avg over 20 samples)"
2025-10-28T21:20:06,WARN,Other,,"WARN: Local LLM latency 2067ms"
2025-10-28T21:20:06,WARN,BASELINEWARN,Local LLM,"BASELINE WARN: Local LLM sustained latency 2058ms (avg over 20 samples)"
2025-10-28T21:20:06,WARN,Spike,Local LLM,"SPIKE: Local LLM latency 2067ms (avg 2058 +/- 3)"
2025-10-28T21:25:06,WARN,Other,,"WARN: Local LLM latency 2056ms"
2025-10-28T21:25:06,WARN,BASELINEWARN,Local LLM,"BASELINE WARN: Local LLM sustained latency 2058ms (avg over 20 samples)"
2025-10-28T21:25:06,WARN,Spike,Gateway,"SPIKE: Gateway latency 262ms (avg 226 +/- 7)"
2025-10-28T21:30:06,WARN,Other,,"WARN: Local LLM latency 2058ms"
2025-10-28T21:30:06,WARN,BASELINEWARN,Local LLM,"BASELINE WARN: Local LLM sustained latency 2058ms (avg over 20 samples)"
2025-10-28T21:35:06,WARN,Other,,"WARN: Local LLM latency 2055ms"
2025-10-28T21:35:06,WARN,BASELINEWARN,Local LLM,"BASELINE WARN: Local LLM sustained latency 2058ms (avg over 20 samples)"
2025-10-28T21:40:06,WARN,Other,,"WARN: Local LLM latency 2052ms"
2025-10-28T21:40:06,WARN,BASELINEWARN,Local LLM,"BASELINE WARN: Local LLM sustained latency 2059ms (avg over 20 samples)"
2025-10-28T21:45:06,WARN,Other,,"WARN: Local LLM latency 2070ms"
2025-10-28T21:45:06,WARN,BASELINEWARN,Local LLM,"BASELINE WARN: Local LLM sustained latency 2058ms (avg over 20 samples)"
2025-10-28T21:45:06,WARN,Spike,Local LLM,"SPIKE: Local LLM latency 2070ms (avg 2058 +/- 4)"
2025-10-28T21:50:06,WARN,Other,,"WARN: Local LLM latency 2053ms"
2025-10-28T21:50:06,WARN,BASELINEWARN,Local LLM,"BASELINE WARN: Local LLM sustained latency 2059ms (avg over 20 samples)"
2025-10-28T21:55:11,WARN,Other,,"WARN: Local LLM latency 2073ms"
2025-10-28T21:55:11,WARN,BASELINEWARN,Local LLM,"BASELINE WARN: Local LLM sustained latency 2058ms (avg over 20 samples)"
2025-10-28T21:55:11,WARN,Spike,Local LLM,"SPIKE: Local LLM latency 2073ms (avg 2059 +/- 6)"
2025-10-28T22:00:06,WARN,Other,,"WARN: Local LLM latency 2059ms"
2025-10-28T22:00:06,WARN,BASELINEWARN,Local LLM,"BASELINE WARN: Local LLM sustained latency 2059ms (avg over 20 samples)"
2025-10-28T22:05:06,WARN,Other,,"WARN: Local LLM latency 2058ms"
2025-10-28T22:05:06,WARN,BASELINEWARN,Local LLM,"BASELINE WARN: Local LLM sustained latency 2059ms (avg over 20 samples)"
2025-10-28T22:10:06,WARN,Other,,"WARN: Local LLM latency 2063ms"
2025-10-28T22:10:06,WARN,BASELINEWARN,Local LLM,"BASELINE WARN: Local LLM sustained latency 2059ms (avg over 20 samples)"
2025-10-28T22:15:06,WARN,Other,,"WARN: Local LLM latency 2044ms"
2025-10-28T22:15:06,WARN,BASELINEWARN,Local LLM,"BASELINE WARN: Local LLM sustained latency 2059ms (avg over 20 samples)"
2025-10-28T22:20:06,WARN,Other,,"WARN: Local LLM latency 2062ms"
2025-10-28T22:20:06,WARN,BASELINEWARN,Local LLM,"BASELINE WARN: Local LLM sustained latency 2059ms (avg over 20 samples)"
2025-10-28T22:20:06,WARN,Spike,Cloud AI,"SPIKE: Cloud AI latency 314ms (avg 273 +/- 5)"
2025-10-28T22:25:05,WARN,Other,,"WARN: Local LLM latency 2070ms"
2025-10-28T22:25:05,WARN,BASELINEWARN,Local LLM,"BASELINE WARN: Local LLM sustained latency 2059ms (avg over 20 samples)"
2025-10-28T22:30:05,WARN,Other,,"WARN: Local LLM latency 2062ms"
2025-10-28T22:30:05,WARN,BASELINEWARN,Local LLM,"BASELINE WARN: Local LLM sustained latency 2060ms (avg over 20 samples)"
2025-10-28T22:35:05,WARN,Other,,"WARN: Local LLM latency 2059ms"
2025-10-28T22:35:05,WARN,BASELINEWARN,Local LLM,"BASELINE WARN: Local LLM sustained latency 2060ms (avg over 20 samples)"
2025-10-28T22:35:05,WARN,Spike,Cloud AI,"SPIKE: Cloud AI latency 317ms (avg 278 +/- 14)"
2025-10-28T22:40:05,WARN,Other,,"WARN: Local LLM latency 2062ms"
2025-10-28T22:40:05,WARN,BASELINEWARN,Local LLM,"BASELINE WARN: Local LLM sustained latency 2060ms (avg over 20 samples)"
2025-10-28T22:45:05,WARN,Other,,"WARN: Local LLM latency 2071ms"
2025-10-28T22:45:05,WARN,BASELINEWARN,Local LLM,"BASELINE WARN: Local LLM sustained latency 2060ms (avg over 20 samples)"
2025-10-28T22:45:05,WARN,Spike,Gateway,"SPIKE: Gateway latency 237ms (avg 226 +/- 5)"
2025-10-28T22:50:05,WARN,Other,,"WARN: Local LLM latency 2058ms"
2025-10-28T22:50:05,WARN,BASELINEWARN,Local LLM,"BASELINE WARN: Local LLM sustained latency 2061ms (avg over 20 samples)"
2025-10-28T22:50:05,WARN,Spike,Gateway,"SPIKE: Gateway latency 242ms (avg 226 +/- 6)"
2025-10-28T22:55:05,WARN,Other,,"WARN: Local LLM latency 2065ms"
2025-10-28T22:55:05,WARN,BASELINEWARN,Local LLM,"BASELINE WARN: Local LLM sustained latency 2061ms (avg over 20 samples)"
2025-10-28T23:00:09,WARN,Other,,"WARN: Local LLM latency 2054ms"
2025-10-28T23:00:09,WARN,BASELINEWARN,Local LLM,"BASELINE WARN: Local LLM sustained latency 2061ms (avg over 20 samples)"
2025-10-28T23:05:05,WARN,Other,,"WARN: Local LLM latency 2061ms"
2025-10-28T23:05:05,WARN,BASELINEWARN,Local LLM,"BASELINE WARN: Local LLM sustained latency 2060ms (avg over 20 samples)"
2025-10-28T23:10:05,WARN,Other,,"WARN: Local LLM latency 2077ms"
2025-10-28T23:10:05,WARN,BASELINEWARN,Local LLM,"BASELINE WARN: Local LLM sustained latency 2060ms (avg over 20 samples)"
2025-10-28T23:10:05,WARN,Spike,Local LLM,"SPIKE: Local LLM latency 2077ms (avg 2062 +/- 5)"
2025-10-28T23:15:05,WARN,Other,,"WARN: Local LLM latency 2063ms"
2025-10-28T23:15:05,WARN,BASELINEWARN,Local LLM,"BASELINE WARN: Local LLM sustained latency 2061ms (avg over 20 samples)"
2025-10-28T23:20:05,WARN,Other,,"WARN: Local LLM latency 2069ms"
2025-10-28T23:20:05,WARN,BASELINEWARN,Local LLM,"BASELINE WARN: Local LLM sustained latency 2062ms (avg over 20 samples)"
2025-10-28T23:25:05,WARN,Other,,"WARN: Local LLM latency 2056ms"
2025-10-28T23:25:05,WARN,BASELINEWARN,Local LLM,"BASELINE WARN: Local LLM sustained latency 2063ms (avg over 20 samples)"
2025-10-28T23:30:05,WARN,Other,,"WARN: Local LLM latency 2050ms"
2025-10-28T23:30:05,WARN,BASELINEWARN,Local LLM,"BASELINE WARN: Local LLM sustained latency 2062ms (avg over 20 samples)"
2025-10-28T23:35:05,WARN,Other,,"WARN: Local LLM latency 2058ms"
2025-10-28T23:35:05,WARN,BASELINEWARN,Local LLM,"BASELINE WARN: Local LLM sustained latency 2062ms (avg over 20 samples)"
2025-10-28T23:40:05,WARN,Other,,"WARN: Local LLM latency 2060ms"
2025-10-28T23:40:05,WARN,BASELINEWARN,Local LLM,"BASELINE WARN: Local LLM sustained latency 2061ms (avg over 20 samples)"
2025-10-28T23:45:05,WARN,Other,,"WARN: Local LLM latency 2060ms"
2025-10-28T23:45:05,WARN,BASELINEWARN,Local LLM,"BASELINE WARN: Local LLM sustained latency 2061ms (avg over 20 samples)"
2025-10-28T23:50:05,WARN,Other,,"WARN: Local LLM latency 2060ms"
2025-10-28T23:50:05,WARN,BASELINEWARN,Local LLM,"BASELINE WARN: Local LLM sustained latency 2061ms (avg over 20 samples)"
2025-10-28T23:50:05,WARN,Spike,Cloud AI,"SPIKE: Cloud AI latency 321ms (avg 283 +/- 12)"
2025-10-28T23:55:05,WARN,Other,,"WARN: Local LLM latency 2060ms"
2025-10-28T23:55:05,WARN,BASELINEWARN,Local LLM,"BASELINE WARN: Local LLM sustained latency 2061ms (avg over 20 samples)"
2025-10-29T00:00:05,WARN,Other,,"WARN: Local LLM latency 2045ms"
2025-10-29T00:00:05,WARN,BASELINEWARN,Local LLM,"BASELINE WARN: Local LLM sustained latency 2062ms (avg over 20 samples)"
2025-10-29T00:00:05,WARN,Spike,Cloud AI,"SPIKE: Cloud AI latency 428ms (avg 287 +/- 18)"
2025-10-29T00:05:09,WARN,Other,,"WARN: Local LLM latency 2058ms"
2025-10-29T00:05:09,WARN,BASELINEWARN,Local LLM,"BASELINE WARN: Local LLM sustained latency 2061ms (avg over 20 samples)"
2025-10-29T00:10:05,WARN,Other,,"WARN: Local LLM latency 2058ms"
2025-10-29T00:10:05,WARN,BASELINEWARN,Local LLM,"BASELINE WARN: Local LLM sustained latency 2060ms (avg over 20 samples)"
2025-10-29T00:15:05,WARN,Other,,"WARN: Local LLM latency 2059ms"
2025-10-29T00:15:05,WARN,BASELINEWARN,Local LLM,"BASELINE WARN: Local LLM sustained latency 2060ms (avg over 20 samples)"
2025-10-29T00:20:05,WARN,Other,,"WARN: Local LLM latency 2062ms"
2025-10-29T00:20:05,WARN,BASELINEWARN,Local LLM,"BASELINE WARN: Local LLM sustained latency 2060ms (avg over 20 samples)"
2025-10-29T00:20:05,WARN,Spike,Gateway,"SPIKE: Gateway latency 279ms (avg 226 +/- 7)"
2025-10-29T00:25:05,WARN,Other,,"WARN: Local LLM latency 2059ms"
2025-10-29T00:25:05,WARN,BASELINEWARN,Local LLM,"BASELINE WARN: Local LLM sustained latency 2060ms (avg over 20 samples)"
2025-10-29T00:30:05,WARN,Other,,"WARN: Local LLM latency 2053ms"
2025-10-29T00:30:05,WARN,BASELINEWARN,Local LLM,"BASELINE WARN: Local LLM sustained latency 2060ms (avg over 20 samples)"
2025-10-29T00:35:05,WARN,Other,,"WARN: Local LLM latency 2061ms"
2025-10-29T00:35:05,WARN,BASELINEWARN,Local LLM,"BASELINE WARN: Local LLM sustained latency 2059ms (avg over 20 samples)"
2025-10-29T00:40:05,WARN,Other,,"WARN: Local LLM latency 2062ms"
2025-10-29T00:40:05,WARN,BASELINEWARN,Local LLM,"BASELINE WARN: Local LLM sustained latency 2059ms (avg over 20 samples)"
2025-10-29T00:45:05,WARN,Other,,"WARN: Local LLM latency 2061ms"
2025-10-29T00:45:05,WARN,BASELINEWARN,Local LLM,"BASELINE WARN: Local LLM sustained latency 2060ms (avg over 20 samples)"
2025-10-29T00:50:05,WARN,Other,,"WARN: Local LLM latency 2056ms"
2025-10-29T00:50:05,WARN,BASELINEWARN,Local LLM,"BASELINE WARN: Local LLM sustained latency 2060ms (avg over 20 samples)"
2025-10-29T00:55:05,WARN,Other,,"WARN: Local LLM latency 2054ms"
2025-10-29T00:55:05,WARN,BASELINEWARN,Local LLM,"BASELINE WARN: Local LLM sustained latency 2058ms (avg over 20 samples)"
2025-10-29T01:00:05,WARN,Other,,"WARN: Local LLM latency 2052ms"
2025-10-29T01:00:05,WARN,BASELINEWARN,Local LLM,"BASELINE WARN: Local LLM sustained latency 2058ms (avg over 20 samples)"
2025-10-29T01:05:05,WARN,Other,,"WARN: Local LLM latency 2060ms"
2025-10-29T01:05:05,WARN,BASELINEWARN,Local LLM,"BASELINE WARN: Local LLM sustained latency 2057ms (avg over 20 samples)"
2025-10-29T01:10:08,WARN,Other,,"WARN: Local LLM latency 2071ms"
2025-10-29T01:10:08,WARN,BASELINEWARN,Local LLM,"BASELINE WARN: Local LLM sustained latency 2057ms (avg over 20 samples)"
2025-10-29T01:10:08,WARN,Spike,Local LLM,"SPIKE: Local LLM latency 2071ms (avg 2058 +/- 4)"
2025-10-29T01:15:05,WARN,Other,,"WARN: Local LLM latency 2060ms"
2025-10-29T01:15:05,WARN,BASELINEWARN,Local LLM,"BASELINE WARN: Local LLM sustained latency 2058ms (avg over 20 samples)"
2025-10-29T01:20:05,WARN,Other,,"WARN: Local LLM latency 2054ms"
2025-10-29T01:20:05,WARN,BASELINEWARN,Local LLM,"BASELINE WARN: Local LLM sustained latency 2059ms (avg over 20 samples)"
2025-10-29T01:25:05,WARN,Other,,"WARN: Local LLM latency 2059ms"
2025-10-29T01:25:05,WARN,BASELINEWARN,Local LLM,"BASELINE WARN: Local LLM sustained latency 2058ms (avg over 20 samples)"
2025-10-29T01:30:05,WARN,Other,,"WARN: Local LLM latency 2057ms"
2025-10-29T01:30:05,WARN,BASELINEWARN,Local LLM,"BASELINE WARN: Local LLM sustained latency 2058ms (avg over 20 samples)"
2025-10-29T01:35:05,WARN,Other,,"WARN: Local LLM latency 2062ms"
2025-10-29T01:35:05,WARN,BASELINEWARN,Local LLM,"BASELINE WARN: Local LLM sustained latency 2058ms (avg over 20 samples)"
2025-10-29T01:40:05,WARN,Other,,"WARN: Local LLM latency 2053ms"
2025-10-29T01:40:05,WARN,BASELINEWARN,Local LLM,"BASELINE WARN: Local LLM sustained latency 2058ms (avg over 20 samples)"
2025-10-29T01:45:05,WARN,Other,,"WARN: Local LLM latency 2069ms"
2025-10-29T01:45:05,WARN,BASELINEWARN,Local LLM,"BASELINE WARN: Local LLM sustained latency 2059ms (avg over 20 samples)"
2025-10-29T01:50:05,WARN,Other,,"WARN: Local LLM latency 2056ms"
2025-10-29T01:50:05,WARN,BASELINEWARN,Local LLM,"BASELINE WARN: Local LLM sustained latency 2059ms (avg over 20 samples)"
2025-10-29T01:55:05,WARN,Other,,"WARN: Local LLM latency 2062ms"
2025-10-29T01:55:05,WARN,BASELINEWARN,Local LLM,"BASELINE WARN: Local LLM sustained latency 2059ms (avg over 20 samples)"
2025-10-29T01:55:05,WARN,Spike,Gateway,"SPIKE: Gateway latency 245ms (avg 226 +/- 6)"
2025-10-29T02:00:05,WARN,Other,,"WARN: Local LLM latency 2060ms"
2025-10-29T02:00:05,WARN,BASELINEWARN,Local LLM,"BASELINE WARN: Local LLM sustained latency 2059ms (avg over 20 samples)"
2025-10-29T02:05:05,WARN,Other,,"WARN: Local LLM latency 2069ms"
2025-10-29T02:05:05,WARN,BASELINEWARN,Local LLM,"BASELINE WARN: Local LLM sustained latency 2059ms (avg over 20 samples)"
2025-10-29T02:05:05,WARN,Spike,Local LLM,"SPIKE: Local LLM latency 2069ms (avg 2059 +/- 5)"
2025-10-29T02:10:05,WARN,Other,,"WARN: Local LLM latency 2063ms"
2025-10-29T02:10:05,WARN,BASELINEWARN,Local LLM,"BASELINE WARN: Local LLM sustained latency 2060ms (avg over 20 samples)"
2025-10-29T02:15:12,WARN,Other,,"WARN: Local LLM latency 2068ms"
2025-10-29T02:15:12,WARN,BASELINEWARN,Local LLM,"BASELINE WARN: Local LLM sustained latency 2060ms (avg over 20 samples)"
2025-10-29T02:20:05,WARN,Other,,"WARN: Local LLM latency 2066ms"
2025-10-29T02:20:05,WARN,BASELINEWARN,Local LLM,"BASELINE WARN: Local LLM sustained latency 2060ms (avg over 20 samples)"
2025-10-29T02:25:05,WARN,Other,,"WARN: Local LLM latency 2048ms"
2025-10-29T02:25:05,WARN,BASELINEWARN,Local LLM,"BASELINE WARN: Local LLM sustained latency 2061ms (avg over 20 samples)"
2025-10-29T02:30:05,WARN,Other,,"WARN: Local LLM latency 2058ms"
2025-10-29T02:30:05,WARN,BASELINEWARN,Local LLM,"BASELINE WARN: Local LLM sustained latency 2060ms (avg over 20 samples)"
2025-10-29T02:35:05,WARN,Other,,"WARN: Local LLM latency 2061ms"
2025-10-29T02:35:05,WARN,BASELINEWARN,Local LLM,"BASELINE WARN: Local LLM sustained latency 2060ms (avg over 20 samples)"
2025-10-29T02:40:05,WARN,Other,,"WARN: Local LLM latency 2060ms"
2025-10-29T02:40:05,WARN,BASELINEWARN,Local LLM,"BASELINE WARN: Local LLM sustained latency 2060ms (avg over 20 samples)"
2025-10-29T02:45:05,WARN,Other,,"WARN: Local LLM latency 2063ms"
2025-10-29T02:45:05,WARN,BASELINEWARN,Local LLM,"BASELINE WARN: Local LLM sustained latency 2061ms (avg over 20 samples)"
2025-10-29T02:50:05,WARN,Other,,"WARN: Local LLM latency 2072ms"
2025-10-29T02:50:05,WARN,BASELINEWARN,Local LLM,"BASELINE WARN: Local LLM sustained latency 2061ms (avg over 20 samples)"
2025-10-29T02:55:05,WARN,Other,,"WARN: Local LLM latency 2059ms"
2025-10-29T02:55:05,WARN,BASELINEWARN,Local LLM,"BASELINE WARN: Local LLM sustained latency 2061ms (avg over 20 samples)"
2025-10-29T02:55:05,WARN,Spike,Cloud AI,"SPIKE: Cloud AI latency 325ms (avg 283 +/- 15)"
2025-10-29T03:00:05,WARN,Other,,"WARN: Local LLM latency 2062ms"
2025-10-29T03:00:05,WARN,BASELINEWARN,Local LLM,"BASELINE WARN: Local LLM sustained latency 2061ms (avg over 20 samples)"
2025-10-29T03:05:05,WARN,Other,,"WARN: Local LLM latency 2061ms"
2025-10-29T03:05:05,WARN,BASELINEWARN,Local LLM,"BASELINE WARN: Local LLM sustained latency 2061ms (avg over 20 samples)"
2025-10-29T03:10:05,WARN,Other,,"WARN: Local LLM latency 2070ms"
2025-10-29T03:10:05,WARN,BASELINEWARN,Local LLM,"BASELINE WARN: Local LLM sustained latency 2061ms (avg over 20 samples)"
2025-10-29T03:10:05,WARN,Spike,Gateway,"SPIKE: Gateway latency 263ms (avg 224 +/- 9)"
2025-10-29T03:15:05,WARN,Other,,"WARN: Local LLM latency 2058ms"
2025-10-29T03:15:05,WARN,BASELINEWARN,Local LLM,"BASELINE WARN: Local LLM sustained latency 2062ms (avg over 20 samples)"
2025-10-29T03:20:16,WARN,Other,,"WARN: Local LLM latency 2048ms"
2025-10-29T03:20:16,WARN,BASELINEWARN,Local LLM,"BASELINE WARN: Local LLM sustained latency 2062ms (avg over 20 samples)"
2025-10-29T03:20:16,WARN,Spike,Gateway,"SPIKE: Gateway latency 264ms (avg 228 +/- 15)"
2025-10-29T03:25:05,WARN,Other,,"WARN: Local LLM latency 2058ms"
2025-10-29T03:25:05,WARN,BASELINEWARN,Local LLM,"BASELINE WARN: Local LLM sustained latency 2062ms (avg over 20 samples)"
2025-10-29T03:30:05,WARN,Other,,"WARN: Local LLM latency 2074ms"
2025-10-29T03:30:05,WARN,BASELINEWARN,Local LLM,"BASELINE WARN: Local LLM sustained latency 2061ms (avg over 20 samples)"
2025-10-29T03:35:05,WARN,Other,,"WARN: Local LLM latency 2071ms"
2025-10-29T03:35:05,WARN,BASELINEWARN,Local LLM,"BASELINE WARN: Local LLM sustained latency 2062ms (avg over 20 samples)"
2025-10-29T03:40:05,WARN,Other,,"WARN: Local LLM latency 2067ms"
2025-10-29T03:40:05,WARN,BASELINEWARN,Local LLM,"BASELINE WARN: Local LLM sustained latency 2062ms (avg over 20 samples)"
2025-10-29T03:45:05,WARN,Other,,"WARN: Local LLM latency 2059ms"
2025-10-29T03:45:05,WARN,BASELINEWARN,Local LLM,"BASELINE WARN: Local LLM sustained latency 2063ms (avg over 20 samples)"
2025-10-29T03:50:05,WARN,Other,,"WARN: Local LLM latency 2067ms"
2025-10-29T03:50:05,WARN,BASELINEWARN,Local LLM,"BASELINE WARN: Local LLM sustained latency 2062ms (avg over 20 samples)"
2025-10-29T03:55:05,WARN,Other,,"WARN: Local LLM latency 2068ms"
2025-10-29T03:55:05,WARN,BASELINEWARN,Local LLM,"BASELINE WARN: Local LLM sustained latency 2062ms (avg over 20 samples)"
2025-10-29T04:00:05,WARN,Other,,"WARN: Local LLM latency 2061ms"
2025-10-29T04:00:05,WARN,BASELINEWARN,Local LLM,"BASELINE WARN: Local LLM sustained latency 2062ms (avg over 20 samples)"
2025-10-29T04:05:05,WARN,Other,,"WARN: Local LLM latency 2061ms"
2025-10-29T04:05:05,WARN,BASELINEWARN,Local LLM,"BASELINE WARN: Local LLM sustained latency 2062ms (avg over 20 samples)"
2025-10-29T04:10:05,WARN,Other,,"WARN: Local LLM latency 2050ms"
2025-10-29T04:10:05,WARN,BASELINEWARN,Local LLM,"BASELINE WARN: Local LLM sustained latency 2063ms (avg over 20 samples)"
2025-10-29T04:15:05,WARN,Other,,"WARN: Local LLM latency 2057ms"
2025-10-29T04:15:05,WARN,BASELINEWARN,Local LLM,"BASELINE WARN: Local LLM sustained latency 2062ms (avg over 20 samples)"
2025-10-29T04:20:05,WARN,Other,,"WARN: Local LLM latency 2065ms"
2025-10-29T04:20:05,WARN,BASELINEWARN,Local LLM,"BASELINE WARN: Local LLM sustained latency 2062ms (avg over 20 samples)"
2025-10-29T04:25:09,WARN,Other,,"WARN: Local LLM latency 2056ms"
2025-10-29T04:25:09,WARN,BASELINEWARN,Local LLM,"BASELINE WARN: Local LLM sustained latency 2063ms (avg over 20 samples)"
2025-10-29T04:30:06,WARN,Other,,"WARN: Local LLM latency 2044ms"
2025-10-29T04:30:06,WARN,BASELINEWARN,Local LLM,"BASELINE WARN: Local LLM sustained latency 2062ms (avg over 20 samples)"
2025-10-29T04:35:05,WARN,Other,,"WARN: Local LLM latency 2068ms"
2025-10-29T04:35:05,WARN,BASELINEWARN,Local LLM,"BASELINE WARN: Local LLM sustained latency 2061ms (avg over 20 samples)"
2025-10-29T04:35:05,WARN,Spike,Cloud AI,"SPIKE: Cloud AI latency 307ms (avg 273 +/- 8)"
2025-10-29T04:40:05,WARN,Other,,"WARN: Local LLM latency 2052ms"
2025-10-29T04:40:05,WARN,BASELINEWARN,Local LLM,"BASELINE WARN: Local LLM sustained latency 2061ms (avg over 20 samples)"
2025-10-29T04:40:05,WARN,Spike,Gateway,"SPIKE: Gateway latency 295ms (avg 230 +/- 9)"
2025-10-29T04:45:05,WARN,Other,,"WARN: Local LLM latency 2068ms"
2025-10-29T04:45:05,WARN,BASELINEWARN,Local LLM,"BASELINE WARN: Local LLM sustained latency 2061ms (avg over 20 samples)"
2025-10-29T04:45:05,WARN,Spike,Cloud AI,"SPIKE: Cloud AI latency 316ms (avg 273 +/- 12)"
2025-10-29T04:50:05,WARN,Other,,"WARN: Local LLM latency 2049ms"
2025-10-29T04:50:05,WARN,BASELINEWARN,Local LLM,"BASELINE WARN: Local LLM sustained latency 2061ms (avg over 20 samples)"
2025-10-29T04:55:05,WARN,Other,,"WARN: Local LLM latency 2066ms"
2025-10-29T04:55:05,WARN,BASELINEWARN,Local LLM,"BASELINE WARN: Local LLM sustained latency 2060ms (avg over 20 samples)"
2025-10-29T05:00:05,WARN,Other,,"WARN: Local LLM latency 2073ms"
2025-10-29T05:00:05,WARN,BASELINEWARN,Local LLM,"BASELINE WARN: Local LLM sustained latency 2060ms (avg over 20 samples)"
2025-10-29T05:05:05,WARN,Other,,"WARN: Local LLM latency 2073ms"
2025-10-29T05:05:05,WARN,BASELINEWARN,Local LLM,"BASELINE WARN: Local LLM sustained latency 2062ms (avg over 20 samples)"
2025-10-29T05:10:05,WARN,Other,,"WARN: Local LLM latency 2064ms"
2025-10-29T05:10:05,WARN,BASELINEWARN,Local LLM,"BASELINE WARN: Local LLM sustained latency 2062ms (avg over 20 samples)"
2025-10-29T05:15:05,WARN,Other,,"WARN: Local LLM latency 2060ms"
2025-10-29T05:15:05,WARN,BASELINEWARN,Local LLM,"BASELINE WARN: Local LLM sustained latency 2062ms (avg over 20 samples)"
2025-10-29T05:20:05,WARN,Other,,"WARN: Local LLM latency 2063ms"
2025-10-29T05:20:05,WARN,BASELINEWARN,Local LLM,"BASELINE WARN: Local LLM sustained latency 2061ms (avg over 20 samples)"
2025-10-29T05:25:05,WARN,Other,,"WARN: Local LLM latency 2056ms"
2025-10-29T05:25:05,WARN,BASELINEWARN,Local LLM,"BASELINE WARN: Local LLM sustained latency 2061ms (avg over 20 samples)"
2025-10-29T05:30:09,WARN,Other,,"WARN: Local LLM latency 2059ms"
2025-10-29T05:30:09,WARN,BASELINEWARN,Local LLM,"BASELINE WARN: Local LLM sustained latency 2061ms (avg over 20 samples)"
2025-10-29T05:35:05,WARN,Other,,"WARN: Local LLM latency 2057ms"
2025-10-29T05:35:05,WARN,BASELINEWARN,Local LLM,"BASELINE WARN: Local LLM sustained latency 2061ms (avg over 20 samples)"
2025-10-29T05:40:05,WARN,Other,,"WARN: Local LLM latency 2057ms"
2025-10-29T05:40:05,WARN,BASELINEWARN,Local LLM,"BASELINE WARN: Local LLM sustained latency 2060ms (avg over 20 samples)"
2025-10-29T05:45:05,WARN,Other,,"WARN: Local LLM latency 2063ms"
2025-10-29T05:45:05,WARN,BASELINEWARN,Local LLM,"BASELINE WARN: Local LLM sustained latency 2060ms (avg over 20 samples)"
2025-10-29T05:50:05,WARN,Other,,"WARN: Local LLM latency 2061ms"
2025-10-29T05:50:05,WARN,BASELINEWARN,Local LLM,"BASELINE WARN: Local LLM sustained latency 2060ms (avg over 20 samples)"
2025-10-29T05:55:05,WARN,Other,,"WARN: Local LLM latency 2056ms"
2025-10-29T05:55:05,WARN,BASELINEWARN,Local LLM,"BASELINE WARN: Local LLM sustained latency 2061ms (avg over 20 samples)"
2025-10-29T06:00:05,WARN,Other,,"WARN: Local LLM latency 2068ms"
2025-10-29T06:00:05,WARN,BASELINEWARN,Local LLM,"BASELINE WARN: Local LLM sustained latency 2060ms (avg over 20 samples)"
2025-10-29T06:00:05,WARN,Spike,Local LLM,"SPIKE: Local LLM latency 2068ms (avg 2060 +/- 3)"
2025-10-29T06:05:05,WARN,Other,,"WARN: Local LLM latency 2062ms"
2025-10-29T06:05:05,WARN,BASELINEWARN,Local LLM,"BASELINE WARN: Local LLM sustained latency 2061ms (avg over 20 samples)"
2025-10-29T06:10:05,WARN,Other,,"WARN: Local LLM latency 2048ms"
2025-10-29T06:10:05,WARN,BASELINEWARN,Local LLM,"BASELINE WARN: Local LLM sustained latency 2061ms (avg over 20 samples)"
2025-10-29T06:15:05,WARN,Other,,"WARN: Local LLM latency 2061ms"
2025-10-29T06:15:05,WARN,BASELINEWARN,Local LLM,"BASELINE WARN: Local LLM sustained latency 2061ms (avg over 20 samples)"
2025-10-29T06:20:06,WARN,Other,,"WARN: Local LLM latency 2063ms"
2025-10-29T06:20:06,WARN,BASELINEWARN,Local LLM,"BASELINE WARN: Local LLM sustained latency 2061ms (avg over 20 samples)"
2025-10-29T06:25:05,WARN,Other,,"WARN: Local LLM latency 2063ms"
2025-10-29T06:25:05,WARN,BASELINEWARN,Local LLM,"BASELINE WARN: Local LLM sustained latency 2061ms (avg over 20 samples)"
2025-10-29T06:30:06,WARN,Other,,"WARN: Local LLM latency 2063ms"
2025-10-29T06:30:06,WARN,BASELINEWARN,Local LLM,"BASELINE WARN: Local LLM sustained latency 2061ms (avg over 20 samples)"
2025-10-29T06:35:10,WARN,Other,,"WARN: Local LLM latency 2059ms"
2025-10-29T06:35:10,WARN,BASELINEWARN,Local LLM,"BASELINE WARN: Local LLM sustained latency 2062ms (avg over 20 samples)"
2025-10-29T06:35:10,WARN,Spike,Cloud AI,"SPIKE: Cloud AI latency 315ms (avg 274 +/- 5)"
2025-10-29T06:40:06,WARN,Other,,"WARN: Local LLM latency 2072ms"
2025-10-29T06:40:06,WARN,BASELINEWARN,Local LLM,"BASELINE WARN: Local LLM sustained latency 2061ms (avg over 20 samples)"
2025-10-29T06:40:06,WARN,Spike,Local LLM,"SPIKE: Local LLM latency 2072ms (avg 2060 +/- 5)"
2025-10-29T06:45:05,WARN,Other,,"WARN: Local LLM latency 2062ms"
2025-10-29T06:45:05,WARN,BASELINEWARN,Local LLM,"BASELINE WARN: Local LLM sustained latency 2061ms (avg over 20 samples)"
2025-10-29T06:50:05,WARN,Other,,"WARN: Local LLM latency 2058ms"
2025-10-29T06:50:05,WARN,BASELINEWARN,Local LLM,"BASELINE WARN: Local LLM sustained latency 2061ms (avg over 20 samples)"
2025-10-29T06:55:06,WARN,Other,,"WARN: Local LLM latency 2059ms"
2025-10-29T06:55:06,WARN,BASELINEWARN,Local LLM,"BASELINE WARN: Local LLM sustained latency 2061ms (avg over 20 samples)"
2025-10-29T07:00:06,WARN,Other,,"WARN: Local LLM latency 2065ms"
2025-10-29T07:00:06,WARN,BASELINEWARN,Local LLM,"BASELINE WARN: Local LLM sustained latency 2060ms (avg over 20 samples)"
2025-10-29T07:00:06,WARN,Spike,Cloud AI,"SPIKE: Cloud AI latency 321ms (avg 279 +/- 15)"
2025-10-29T07:00:06,WARN,Spike,Gateway,"SPIKE: Gateway latency 244ms (avg 225 +/- 7)"
2025-10-29T07:05:06,WARN,Other,,"WARN: Local LLM latency 2061ms"
2025-10-29T07:05:06,WARN,BASELINEWARN,Local LLM,"BASELINE WARN: Local LLM sustained latency 2061ms (avg over 20 samples)"
2025-10-29T07:10:06,WARN,Other,,"WARN: Local LLM latency 2068ms"
2025-10-29T07:10:06,WARN,BASELINEWARN,Local LLM,"BASELINE WARN: Local LLM sustained latency 2061ms (avg over 20 samples)"
2025-10-29T07:15:06,WARN,Other,,"WARN: Local LLM latency 2059ms"
2025-10-29T07:15:06,WARN,BASELINEWARN,Local LLM,"BASELINE WARN: Local LLM sustained latency 2061ms (avg over 20 samples)"
2025-10-29T07:20:06,WARN,Other,,"WARN: Local LLM latency 2063ms"
2025-10-29T07:20:06,WARN,BASELINEWARN,Local LLM,"BASELINE WARN: Local LLM sustained latency 2061ms (avg over 20 samples)"
2025-10-29T07:25:06,WARN,Other,,"WARN: Local LLM latency 2066ms"
2025-10-29T07:25:06,WARN,BASELINEWARN,Local LLM,"BASELINE WARN: Local LLM sustained latency 2062ms (avg over 20 samples)"
2025-10-29T07:30:06,WARN,Other,,"WARN: Local LLM latency 2071ms"
2025-10-29T07:30:06,WARN,BASELINEWARN,Local LLM,"BASELINE WARN: Local LLM sustained latency 2062ms (avg over 20 samples)"
2025-10-29T07:35:06,WARN,Other,,"WARN: Local LLM latency 2049ms"
2025-10-29T07:35:06,WARN,BASELINEWARN,Local LLM,"BASELINE WARN: Local LLM sustained latency 2062ms (avg over 20 samples)"
2025-10-29T07:40:09,WARN,Other,,"WARN: Local LLM latency 2065ms"
2025-10-29T07:40:09,WARN,BASELINEWARN,Local LLM,"BASELINE WARN: Local LLM sustained latency 2062ms (avg over 20 samples)"
2025-10-29T07:45:06,WARN,Other,,"WARN: Local LLM latency 2059ms"
2025-10-29T07:45:06,WARN,BASELINEWARN,Local LLM,"BASELINE WARN: Local LLM sustained latency 2062ms (avg over 20 samples)"
2025-10-29T07:50:06,WARN,Other,,"WARN: Local LLM latency 2054ms"
2025-10-29T07:50:06,WARN,BASELINEWARN,Local LLM,"BASELINE WARN: Local LLM sustained latency 2062ms (avg over 20 samples)"
2025-10-29T07:55:06,WARN,Other,,"WARN: Local LLM latency 2062ms"
2025-10-29T07:55:06,WARN,BASELINEWARN,Local LLM,"BASELINE WARN: Local LLM sustained latency 2062ms (avg over 20 samples)"
2025-10-29T08:00:06,WARN,Other,,"WARN: Local LLM latency 2059ms"
2025-10-29T08:00:06,WARN,BASELINEWARN,Local LLM,"BASELINE WARN: Local LLM sustained latency 2062ms (avg over 20 samples)"
2025-10-29T08:05:06,WARN,Other,,"WARN: Local LLM latency 2068ms"
2025-10-29T08:05:06,WARN,BASELINEWARN,Local LLM,"BASELINE WARN: Local LLM sustained latency 2062ms (avg over 20 samples)"
2025-10-29T08:10:06,WARN,Other,,"WARN: Local LLM latency 2067ms"
2025-10-29T08:10:06,WARN,BASELINEWARN,Local LLM,"BASELINE WARN: Local LLM sustained latency 2062ms (avg over 20 samples)"
2025-10-29T08:15:06,WARN,Other,,"WARN: Local LLM latency 2062ms"
2025-10-29T08:15:06,WARN,BASELINEWARN,Local LLM,"BASELINE WARN: Local LLM sustained latency 2062ms (avg over 20 samples)"
2025-10-29T08:20:06,WARN,Other,,"WARN: Local LLM latency 2069ms"
2025-10-29T08:20:06,WARN,BASELINEWARN,Local LLM,"BASELINE WARN: Local LLM sustained latency 2062ms (avg over 20 samples)"
2025-10-29T08:25:06,WARN,Other,,"WARN: Local LLM latency 2060ms"
2025-10-29T08:25:06,WARN,BASELINEWARN,Local LLM,"BASELINE WARN: Local LLM sustained latency 2062ms (avg over 20 samples)"
2025-10-29T08:30:19,WARN,Other,,"WARN: Local LLM latency 2074ms"
2025-10-29T08:30:19,WARN,BASELINEWARN,Local LLM,"BASELINE WARN: Local LLM sustained latency 2062ms (avg over 20 samples)"
2025-10-29T08:30:19,WARN,Spike,Local LLM,"SPIKE: Local LLM latency 2074ms (avg 2062 +/- 5)"
2025-10-29T08:35:06,WARN,Other,,"WARN: Local LLM latency 2064ms"
2025-10-29T08:35:06,WARN,BASELINEWARN,Local LLM,"BASELINE WARN: Local LLM sustained latency 2063ms (avg over 20 samples)"
2025-10-29T08:40:05,WARN,Other,,"WARN: Local LLM latency 2063ms"
2025-10-29T08:40:05,WARN,BASELINEWARN,Local LLM,"BASELINE WARN: Local LLM sustained latency 2063ms (avg over 20 samples)"
2025-10-29T08:45:09,WARN,Other,,"WARN: Local LLM latency 2053ms"
2025-10-29T08:45:09,WARN,BASELINEWARN,Local LLM,"BASELINE WARN: Local LLM sustained latency 2063ms (avg over 20 samples)"
2025-10-29T08:50:05,WARN,Other,,"WARN: Local LLM latency 2041ms"
2025-10-29T08:50:05,WARN,BASELINEWARN,Local LLM,"BASELINE WARN: Local LLM sustained latency 2063ms (avg over 20 samples)"
2025-10-29T08:55:05,WARN,Other,,"WARN: Local LLM latency 2060ms"
2025-10-29T08:55:05,WARN,BASELINEWARN,Local LLM,"BASELINE WARN: Local LLM sustained latency 2061ms (avg over 20 samples)"
2025-10-29T08:55:05,WARN,Spike,Cloud AI,"SPIKE: Cloud AI latency 295ms (avg 272 +/- 6)"
2025-10-29T09:00:05,WARN,Other,,"WARN: Local LLM latency 2055ms"
2025-10-29T09:00:05,WARN,BASELINEWARN,Local LLM,"BASELINE WARN: Local LLM sustained latency 2061ms (avg over 20 samples)"
2025-10-29T09:05:06,WARN,Other,,"WARN: Local LLM latency 2056ms"
2025-10-29T09:05:06,WARN,BASELINEWARN,Local LLM,"BASELINE WARN: Local LLM sustained latency 2061ms (avg over 20 samples)"
2025-10-29T09:10:05,WARN,Other,,"WARN: Local LLM latency 2055ms"
2025-10-29T09:10:05,WARN,BASELINEWARN,Local LLM,"BASELINE WARN: Local LLM sustained latency 2061ms (avg over 20 samples)"
2025-10-29T09:15:05,WARN,Other,,"WARN: Local LLM latency 2070ms"
2025-10-29T09:15:05,WARN,BASELINEWARN,Local LLM,"BASELINE WARN: Local LLM sustained latency 2060ms (avg over 20 samples)"
2025-10-29T09:20:05,WARN,Other,,"WARN: Local LLM latency 2053ms"
2025-10-29T09:20:05,WARN,BASELINEWARN,Local LLM,"BASELINE WARN: Local LLM sustained latency 2061ms (avg over 20 samples)"
2025-10-29T09:25:05,WARN,Other,,"WARN: Local LLM latency 2057ms"
2025-10-29T09:25:05,WARN,BASELINEWARN,Local LLM,"BASELINE WARN: Local LLM sustained latency 2060ms (avg over 20 samples)"
2025-10-29T09:25:05,WARN,Spike,Cloud AI,"SPIKE: Cloud AI latency 295ms (avg 275 +/- 8)"
2025-10-29T09:30:05,WARN,Other,,"WARN: Local LLM latency 2073ms"
2025-10-29T09:30:05,WARN,BASELINEWARN,Local LLM,"BASELINE WARN: Local LLM sustained latency 2060ms (avg over 20 samples)"
2025-10-29T09:30:05,WARN,Spike,Local LLM,"SPIKE: Local LLM latency 2073ms (avg 2056 +/- 7)"
2025-10-29T09:35:05,WARN,Other,,"WARN: Local LLM latency 2050ms"
2025-10-29T09:35:05,WARN,BASELINEWARN,Local LLM,"BASELINE WARN: Local LLM sustained latency 2061ms (avg over 20 samples)"
2025-10-29T09:40:05,WARN,Other,,"WARN: Local LLM latency 2061ms"
2025-10-29T09:40:05,WARN,BASELINEWARN,Local LLM,"BASELINE WARN: Local LLM sustained latency 2060ms (avg over 20 samples)"
2025-10-29T09:45:05,WARN,Other,,"WARN: Local LLM latency 2064ms"
2025-10-29T09:45:05,WARN,BASELINEWARN,Local LLM,"BASELINE WARN: Local LLM sustained latency 2061ms (avg over 20 samples)"
2025-10-29T09:45:05,WARN,Spike,Cloud AI,"SPIKE: Cloud AI latency 306ms (avg 279 +/- 12)"
2025-10-29T09:50:11,WARN,Other,,"WARN: Local LLM latency 2044ms"
2025-10-29T09:50:11,WARN,BASELINEWARN,Local LLM,"BASELINE WARN: Local LLM sustained latency 2060ms (avg over 20 samples)"
2025-10-29T10:00:08,WARN,Other,,"WARN: Local LLM latency 2060ms"
2025-10-29T10:00:08,WARN,BASELINEWARN,Local LLM,"BASELINE WARN: Local LLM sustained latency 2059ms (avg over 20 samples)"
2025-10-29T10:05:05,WARN,Other,,"WARN: Local LLM latency 2037ms"
2025-10-29T10:05:05,WARN,BASELINEWARN,Local LLM,"BASELINE WARN: Local LLM sustained latency 2059ms (avg over 20 samples)"
2025-10-29T10:10:05,WARN,Other,,"WARN: Local LLM latency 2041ms"
2025-10-29T10:10:05,WARN,BASELINEWARN,Local LLM,"BASELINE WARN: Local LLM sustained latency 2058ms (avg over 20 samples)"
2025-10-29T10:15:05,WARN,Other,,"WARN: Local LLM latency 2053ms"
2025-10-29T10:15:05,WARN,BASELINEWARN,Local LLM,"BASELINE WARN: Local LLM sustained latency 2057ms (avg over 20 samples)"
2025-10-29T10:20:05,WARN,Other,,"WARN: Local LLM latency 2053ms"
2025-10-29T10:20:05,WARN,BASELINEWARN,Local LLM,"BASELINE WARN: Local LLM sustained latency 2056ms (avg over 20 samples)"
2025-10-29T10:20:05,WARN,Spike,Gateway,"SPIKE: Gateway latency 248ms (avg 219 +/- 2)"
2025-10-29T10:25:05,WARN,Other,,"WARN: Local LLM latency 2059ms"
2025-10-29T10:25:05,WARN,BASELINEWARN,Local LLM,"BASELINE WARN: Local LLM sustained latency 2055ms (avg over 20 samples)"
2025-10-29T10:30:05,WARN,Other,,"WARN: Local LLM latency 2059ms"
2025-10-29T10:30:05,WARN,BASELINEWARN,Local LLM,"BASELINE WARN: Local LLM sustained latency 2055ms (avg over 20 samples)"
2025-10-29T10:30:05,WARN,Spike,Gateway,"SPIKE: Gateway latency 262ms (avg 222 +/- 9)"
2025-10-29T10:35:05,WARN,Other,,"WARN: Local LLM latency 2045ms"
2025-10-29T10:35:05,WARN,BASELINEWARN,Local LLM,"BASELINE WARN: Local LLM sustained latency 2055ms (avg over 20 samples)"
2025-10-29T10:40:05,WARN,Other,,"WARN: Local LLM latency 2060ms"
2025-10-29T10:40:05,WARN,BASELINEWARN,Local LLM,"BASELINE WARN: Local LLM sustained latency 2055ms (avg over 20 samples)"
2025-10-29T10:45:05,WARN,Other,,"WARN: Local LLM latency 2057ms"
2025-10-29T10:45:05,WARN,BASELINEWARN,Local LLM,"BASELINE WARN: Local LLM sustained latency 2055ms (avg over 20 samples)"
2025-10-29T10:50:05,WARN,Other,,"WARN: Local LLM latency 2054ms"
2025-10-29T10:50:05,WARN,BASELINEWARN,Local LLM,"BASELINE WARN: Local LLM sustained latency 2055ms (avg over 20 samples)"
2025-10-29T10:50:05,WARN,Spike,Gateway,"SPIKE: Gateway latency 261ms (avg 228 +/- 15)"
2025-10-29T10:55:07,WARN,Other,,"WARN: Local LLM latency 2053ms"
2025-10-29T10:55:07,WARN,BASELINEWARN,Local LLM,"BASELINE WARN: Local LLM sustained latency 2055ms (avg over 20 samples)"
2025-10-29T11:00:05,WARN,Other,,"WARN: Local LLM latency 2062ms"
2025-10-29T11:00:05,WARN,BASELINEWARN,Local LLM,"BASELINE WARN: Local LLM sustained latency 2055ms (avg over 20 samples)"
2025-10-29T11:05:05,WARN,Other,,"WARN: Local LLM latency 2069ms"
2025-10-29T11:05:05,WARN,BASELINEWARN,Local LLM,"BASELINE WARN: Local LLM sustained latency 2055ms (avg over 20 samples)"
2025-10-29T11:05:05,WARN,Spike,Local LLM,"SPIKE: Local LLM latency 2069ms (avg 2056 +/- 5)"
2025-10-29T11:10:05,WARN,Other,,"WARN: Local LLM latency 2066ms"
2025-10-29T11:10:05,WARN,BASELINEWARN,Local LLM,"BASELINE WARN: Local LLM sustained latency 2056ms (avg over 20 samples)"
2025-10-29T11:15:05,WARN,Other,,"WARN: Local LLM latency 2070ms"
2025-10-29T11:15:05,WARN,BASELINEWARN,Local LLM,"BASELINE WARN: Local LLM sustained latency 2056ms (avg over 20 samples)"
2025-10-29T11:20:05,WARN,Other,,"WARN: Local LLM latency 2067ms"
2025-10-29T11:20:05,WARN,BASELINEWARN,Local LLM,"BASELINE WARN: Local LLM sustained latency 2056ms (avg over 20 samples)"
2025-10-29T11:25:05,WARN,Other,,"WARN: Local LLM latency 2056ms"
2025-10-29T11:25:05,WARN,BASELINEWARN,Local LLM,"BASELINE WARN: Local LLM sustained latency 2057ms (avg over 20 samples)"
2025-10-29T11:30:05,WARN,Other,,"WARN: Local LLM latency 2057ms"
2025-10-29T11:30:05,WARN,BASELINEWARN,Local LLM,"BASELINE WARN: Local LLM sustained latency 2056ms (avg over 20 samples)"
2025-10-29T11:35:05,WARN,Other,,"WARN: Local LLM latency 2067ms"
2025-10-29T11:35:05,WARN,BASELINEWARN,Local LLM,"BASELINE WARN: Local LLM sustained latency 2056ms (avg over 20 samples)"
2025-10-29T11:40:05,WARN,Other,,"WARN: Local LLM latency 2059ms"
2025-10-29T11:40:05,WARN,BASELINEWARN,Local LLM,"BASELINE WARN: Local LLM sustained latency 2057ms (avg over 20 samples)"
2025-10-29T11:45:05,WARN,Other,,"WARN: Local LLM latency 2064ms"
2025-10-29T11:45:05,WARN,BASELINEWARN,Local LLM,"BASELINE WARN: Local LLM sustained latency 2057ms (avg over 20 samples)"
2025-10-29T11:50:05,WARN,Other,,"WARN: Local LLM latency 2065ms"
2025-10-29T11:50:05,WARN,BASELINEWARN,Local LLM,"BASELINE WARN: Local LLM sustained latency 2059ms (avg over 20 samples)"
2025-10-29T11:55:09,ALERT,Alert,,"ALERT: Lumen Gateway latency 4716ms"
2025-10-29T11:55:09,WARN,Other,,"WARN: Local LLM latency 2069ms"
2025-10-29T11:55:09,WARN,BASELINEWARN,Local LLM,"BASELINE WARN: Local LLM sustained latency 2060ms (avg over 20 samples)"
2025-10-29T11:55:09,WARN,Spike,Gateway,"SPIKE: Gateway latency 4716ms (avg 222 +/- 6)"
2025-10-29T12:00:05,WARN,Other,,"WARN: Local LLM latency 2069ms"
2025-10-29T12:00:05,WARN,BASELINEWARN,Local LLM,"BASELINE WARN: Local LLM sustained latency 2061ms (avg over 20 samples)"
2025-10-29T12:00:05,WARN,Spike,Cloud AI,"SPIKE: Cloud AI latency 303ms (avg 274 +/- 6)"
2025-10-29T12:05:05,WARN,Other,,"WARN: Local LLM latency 2062ms"
2025-10-29T12:05:05,WARN,BASELINEWARN,Local LLM,"BASELINE WARN: Local LLM sustained latency 2061ms (avg over 20 samples)"
2025-10-29T12:10:05,WARN,Other,,"WARN: Local LLM latency 2070ms"
2025-10-29T12:10:05,WARN,BASELINEWARN,Local LLM,"BASELINE WARN: Local LLM sustained latency 2062ms (avg over 20 samples)"
2025-10-29T12:15:05,WARN,Other,,"WARN: Local LLM latency 2046ms"
2025-10-29T12:15:05,WARN,BASELINEWARN,Local LLM,"BASELINE WARN: Local LLM sustained latency 2062ms (avg over 20 samples)"
2025-10-29T12:20:05,WARN,Other,,"WARN: Local LLM latency 2058ms"
2025-10-29T12:20:05,WARN,BASELINEWARN,Local LLM,"BASELINE WARN: Local LLM sustained latency 2062ms (avg over 20 samples)"
2025-10-29T12:25:05,WARN,Other,,"WARN: Local LLM latency 2059ms"
2025-10-29T12:25:05,WARN,BASELINEWARN,Local LLM,"BASELINE WARN: Local LLM sustained latency 2062ms (avg over 20 samples)"
2025-10-29T12:30:05,WARN,Other,,"WARN: Local LLM latency 2058ms"
2025-10-29T12:30:05,WARN,BASELINEWARN,Local LLM,"BASELINE WARN: Local LLM sustained latency 2062ms (avg over 20 samples)"
2025-10-29T12:35:05,WARN,Other,,"WARN: Local LLM latency 2061ms"
2025-10-29T12:35:05,WARN,BASELINEWARN,Local LLM,"BASELINE WARN: Local LLM sustained latency 2062ms (avg over 20 samples)"
2025-10-29T12:40:05,WARN,Other,,"WARN: Local LLM latency 2055ms"
2025-10-29T12:40:05,WARN,BASELINEWARN,Local LLM,"BASELINE WARN: Local LLM sustained latency 2063ms (avg over 20 samples)"
2025-10-29T12:45:05,WARN,Other,,"WARN: Local LLM latency 2053ms"
2025-10-29T12:45:05,WARN,BASELINEWARN,Local LLM,"BASELINE WARN: Local LLM sustained latency 2062ms (avg over 20 samples)"
2025-10-29T12:50:05,ALERT,Other,,"Cloud AI offline (429)"
2025-10-29T12:50:05,WARN,Other,,"WARN: Local LLM latency 2057ms"
2025-10-29T12:50:05,WARN,BASELINEWARN,Local LLM,"BASELINE WARN: Local LLM sustained latency 2062ms (avg over 20 samples)"
2025-10-29T12:55:05,WARN,Other,,"WARN: Local LLM latency 2050ms"
2025-10-29T12:55:05,WARN,BASELINEWARN,Local LLM,"BASELINE WARN: Local LLM sustained latency 2061ms (avg over 20 samples)"
2025-10-29T12:55:05,WARN,Spike,Gateway,"SPIKE: Gateway latency 230ms (avg 220 +/- 4)"
2025-10-29T13:00:08,WARN,Other,,"WARN: Local LLM latency 2059ms"
2025-10-29T13:00:08,WARN,BASELINEWARN,Local LLM,"BASELINE WARN: Local LLM sustained latency 2060ms (avg over 20 samples)"
2025-10-29T13:05:05,WARN,Other,,"WARN: Local LLM latency 2063ms"
2025-10-29T13:05:05,WARN,BASELINEWARN,Local LLM,"BASELINE WARN: Local LLM sustained latency 2060ms (avg over 20 samples)"
2025-10-29T13:05:05,WARN,Spike,Cloud AI,"SPIKE: Cloud AI latency 299ms (avg 270 +/- 6)"
2025-10-29T13:10:05,WARN,Other,,"WARN: Local LLM latency 2067ms"
2025-10-29T13:10:05,WARN,BASELINEWARN,Local LLM,"BASELINE WARN: Local LLM sustained latency 2060ms (avg over 20 samples)"
2025-10-29T13:10:05,WARN,Spike,Local LLM,"SPIKE: Local LLM latency 2067ms (avg 2057 +/- 4)"
2025-10-29T13:15:05,WARN,Other,,"WARN: Local LLM latency 2053ms"
2025-10-29T13:15:05,WARN,BASELINEWARN,Local LLM,"BASELINE WARN: Local LLM sustained latency 2061ms (avg over 20 samples)"
2025-10-29T13:15:05,WARN,Spike,Gateway,"SPIKE: Gateway latency 251ms (avg 221 +/- 4)"
2025-10-29T13:20:05,WARN,Other,,"WARN: Local LLM latency 2057ms"
2025-10-29T13:20:05,WARN,BASELINEWARN,Local LLM,"BASELINE WARN: Local LLM sustained latency 2060ms (avg over 20 samples)"
2025-10-29T13:25:05,WARN,Other,,"WARN: Local LLM latency 2057ms"
2025-10-29T13:25:05,WARN,BASELINEWARN,Local LLM,"BASELINE WARN: Local LLM sustained latency 2060ms (avg over 20 samples)"
2025-10-29T13:30:05,WARN,Other,,"WARN: Local LLM latency 2060ms"
2025-10-29T13:30:05,WARN,BASELINEWARN,Local LLM,"BASELINE WARN: Local LLM sustained latency 2059ms (avg over 20 samples)"
2025-10-29T13:35:05,WARN,Other,,"WARN: Local LLM latency 2067ms"
2025-10-29T13:35:05,WARN,BASELINEWARN,Local LLM,"BASELINE WARN: Local LLM sustained latency 2059ms (avg over 20 samples)"
2025-10-29T13:40:05,WARN,Other,,"WARN: Local LLM latency 2062ms"
2025-10-29T13:40:05,WARN,BASELINEWARN,Local LLM,"BASELINE WARN: Local LLM sustained latency 2059ms (avg over 20 samples)"
2025-10-29T13:45:05,WARN,Other,,"WARN: Local LLM latency 2053ms"
2025-10-29T13:45:05,WARN,BASELINEWARN,Local LLM,"BASELINE WARN: Local LLM sustained latency 2059ms (avg over 20 samples)"
2025-10-29T13:45:05,WARN,Spike,Cloud AI,"SPIKE: Cloud AI latency 295ms (avg 272 +/- 11)"
2025-10-29T13:50:05,WARN,Other,,"WARN: Local LLM latency 2065ms"
2025-10-29T13:50:05,WARN,BASELINEWARN,Local LLM,"BASELINE WARN: Local LLM sustained latency 2058ms (avg over 20 samples)"
2025-10-29T13:55:05,WARN,Other,,"WARN: Local LLM latency 2053ms"
2025-10-29T13:55:05,WARN,BASELINEWARN,Local LLM,"BASELINE WARN: Local LLM sustained latency 2058ms (avg over 20 samples)"
2025-10-29T14:00:05,WARN,Other,,"WARN: Local LLM latency 2075ms"
2025-10-29T14:00:05,WARN,BASELINEWARN,Local LLM,"BASELINE WARN: Local LLM sustained latency 2058ms (avg over 20 samples)"
2025-10-29T14:00:05,WARN,Spike,Local LLM,"SPIKE: Local LLM latency 2075ms (avg 2059 +/- 6)"
2025-10-29T14:05:10,WARN,Other,,"WARN: Local LLM latency 2066ms"
2025-10-29T14:05:10,WARN,BASELINEWARN,Local LLM,"BASELINE WARN: Local LLM sustained latency 2059ms (avg over 20 samples)"
2025-10-29T14:05:10,WARN,Spike,Gateway,"SPIKE: Gateway latency 275ms (avg 223 +/- 10)"
2025-10-29T14:10:05,WARN,Other,,"WARN: Local LLM latency 2064ms"
2025-10-29T14:10:05,WARN,BASELINEWARN,Local LLM,"BASELINE WARN: Local LLM sustained latency 2060ms (avg over 20 samples)"
2025-10-29T14:15:05,WARN,Other,,"WARN: Local LLM latency 2055ms"
2025-10-29T14:15:05,WARN,BASELINEWARN,Local LLM,"BASELINE WARN: Local LLM sustained latency 2060ms (avg over 20 samples)"
2025-10-29T14:15:05,WARN,Spike,Cloud AI,"SPIKE: Cloud AI latency 304ms (avg 274 +/- 10)"
2025-10-29T14:20:05,WARN,Other,,"WARN: Local LLM latency 2073ms"
2025-10-29T14:20:05,WARN,BASELINEWARN,Local LLM,"BASELINE WARN: Local LLM sustained latency 2060ms (avg over 20 samples)"
2025-10-29T14:25:05,WARN,Other,,"WARN: Local LLM latency 2062ms"
2025-10-29T14:25:05,WARN,BASELINEWARN,Local LLM,"BASELINE WARN: Local LLM sustained latency 2060ms (avg over 20 samples)"
2025-10-29T14:30:05,WARN,Other,,"WARN: Local LLM latency 2052ms"
2025-10-29T14:30:05,WARN,BASELINEWARN,Local LLM,"BASELINE WARN: Local LLM sustained latency 2061ms (avg over 20 samples)"
2025-10-29T14:35:05,WARN,Other,,"WARN: Local LLM latency 2058ms"
2025-10-29T14:35:05,WARN,BASELINEWARN,Local LLM,"BASELINE WARN: Local LLM sustained latency 2061ms (avg over 20 samples)"
2025-10-29T14:40:05,WARN,Other,,"WARN: Local LLM latency 2058ms"
2025-10-29T14:40:05,WARN,BASELINEWARN,Local LLM,"BASELINE WARN: Local LLM sustained latency 2061ms (avg over 20 samples)"
2025-10-29T14:45:05,WARN,Other,,"WARN: Local LLM latency 2060ms"
2025-10-29T14:45:05,WARN,BASELINEWARN,Local LLM,"BASELINE WARN: Local LLM sustained latency 2061ms (avg over 20 samples)"
2025-10-29T14:50:05,WARN,Other,,"WARN: Local LLM latency 2063ms"
2025-10-29T14:50:05,WARN,BASELINEWARN,Local LLM,"BASELINE WARN: Local LLM sustained latency 2061ms (avg over 20 samples)"
2025-10-29T14:55:05,WARN,Other,,"WARN: Local LLM latency 2053ms"
2025-10-29T14:55:05,WARN,BASELINEWARN,Local LLM,"BASELINE WARN: Local LLM sustained latency 2061ms (avg over 20 samples)"
2025-10-29T15:00:05,WARN,Other,,"WARN: Local LLM latency 2054ms"
2025-10-29T15:00:05,WARN,BASELINEWARN,Local LLM,"BASELINE WARN: Local LLM sustained latency 2061ms (avg over 20 samples)"
2025-10-29T15:05:05,WARN,Other,,"WARN: Local LLM latency 2041ms"
2025-10-29T15:05:05,WARN,BASELINEWARN,Local LLM,"BASELINE WARN: Local LLM sustained latency 2060ms (avg over 20 samples)"
2025-10-29T15:10:05,WARN,Other,,"WARN: Local LLM latency 2063ms"
2025-10-29T15:10:05,WARN,BASELINEWARN,Local LLM,"BASELINE WARN: Local LLM sustained latency 2060ms (avg over 20 samples)"
2025-10-29T15:15:05,WARN,Other,,"WARN: Local LLM latency 2055ms"
2025-10-29T15:15:05,WARN,BASELINEWARN,Local LLM,"BASELINE WARN: Local LLM sustained latency 2060ms (avg over 20 samples)"
2025-10-29T15:20:05,WARN,Other,,"WARN: Local LLM latency 2062ms"
2025-10-29T15:20:05,WARN,BASELINEWARN,Local LLM,"BASELINE WARN: Local LLM sustained latency 2059ms (avg over 20 samples)"
2025-10-29T15:25:05,WARN,Other,,"WARN: Local LLM latency 2052ms"
2025-10-29T15:25:05,WARN,BASELINEWARN,Local LLM,"BASELINE WARN: Local LLM sustained latency 2059ms (avg over 20 samples)"
2025-10-29T15:25:05,WARN,Spike,Gateway,"SPIKE: Gateway latency 225ms (avg 219 +/- 3)"
2025-10-29T15:30:05,WARN,Other,,"WARN: Local LLM latency 2044ms"
2025-10-29T15:30:05,WARN,BASELINEWARN,Local LLM,"BASELINE WARN: Local LLM sustained latency 2059ms (avg over 20 samples)"
2025-10-29T15:35:06,WARN,Other,,"WARN: Local LLM latency 2093ms"
2025-10-29T15:35:06,WARN,BASELINEWARN,Local LLM,"BASELINE WARN: Local LLM sustained latency 2058ms (avg over 20 samples)"
2025-10-29T15:35:06,WARN,Spike,Local LLM,"SPIKE: Local LLM latency 2093ms (avg 2055 +/- 8)"
2025-10-29T15:40:05,WARN,Other,,"WARN: Local LLM latency 2069ms"
2025-10-29T15:40:05,WARN,BASELINEWARN,Local LLM,"BASELINE WARN: Local LLM sustained latency 2060ms (avg over 20 samples)"
2025-10-29T15:45:05,WARN,Other,,"WARN: Local LLM latency 2068ms"
2025-10-29T15:45:05,WARN,BASELINEWARN,Local LLM,"BASELINE WARN: Local LLM sustained latency 2060ms (avg over 20 samples)"
2025-10-29T15:50:05,WARN,Other,,"WARN: Local LLM latency 2053ms"
2025-10-29T15:50:05,WARN,BASELINEWARN,Local LLM,"BASELINE WARN: Local LLM sustained latency 2060ms (avg over 20 samples)"
2025-10-29T15:50:05,WARN,Spike,Cloud AI,"SPIKE: Cloud AI latency 295ms (avg 272 +/- 10)"
2025-10-29T15:55:05,WARN,Other,,"WARN: Local LLM latency 2057ms"
2025-10-29T15:55:05,WARN,BASELINEWARN,Local LLM,"BASELINE WARN: Local LLM sustained latency 2059ms (avg over 20 samples)"
2025-10-29T16:00:05,WARN,Other,,"WARN: Local LLM latency 2065ms"
2025-10-29T16:00:05,WARN,BASELINEWARN,Local LLM,"BASELINE WARN: Local LLM sustained latency 2060ms (avg over 20 samples)"
2025-10-29T16:05:05,WARN,Other,,"WARN: Local LLM latency 2065ms"
2025-10-29T16:05:05,WARN,BASELINEWARN,Local LLM,"BASELINE WARN: Local LLM sustained latency 2059ms (avg over 20 samples)"
2025-10-29T16:10:07,WARN,Other,,"WARN: Local LLM latency 2065ms"
2025-10-29T16:10:07,WARN,BASELINEWARN,Local LLM,"BASELINE WARN: Local LLM sustained latency 2059ms (avg over 20 samples)"
2025-10-29T16:10:07,WARN,Spike,Gateway,"SPIKE: Gateway latency 234ms (avg 218 +/- 3)"
2025-10-29T16:15:05,WARN,Other,,"WARN: Local LLM latency 2063ms"
2025-10-29T16:15:05,WARN,BASELINEWARN,Local LLM,"BASELINE WARN: Local LLM sustained latency 2060ms (avg over 20 samples)"
2025-10-29T16:20:05,WARN,Other,,"WARN: Local LLM latency 2053ms"
2025-10-29T16:20:05,WARN,BASELINEWARN,Local LLM,"BASELINE WARN: Local LLM sustained latency 2060ms (avg over 20 samples)"
2025-10-29T16:25:05,WARN,Other,,"WARN: Local LLM latency 2070ms"
2025-10-29T16:25:05,WARN,BASELINEWARN,Local LLM,"BASELINE WARN: Local LLM sustained latency 2060ms (avg over 20 samples)"
2025-10-29T16:30:05,WARN,Other,,"WARN: Local LLM latency 2048ms"
2025-10-29T16:30:05,WARN,BASELINEWARN,Local LLM,"BASELINE WARN: Local LLM sustained latency 2060ms (avg over 20 samples)"
2025-10-29T16:35:05,WARN,Other,,"WARN: Local LLM latency 2070ms"
2025-10-29T16:35:05,WARN,BASELINEWARN,Local LLM,"BASELINE WARN: Local LLM sustained latency 2060ms (avg over 20 samples)"
2025-10-29T16:40:05,WARN,Other,,"WARN: Local LLM latency 2072ms"
2025-10-29T16:40:05,WARN,BASELINEWARN,Local LLM,"BASELINE WARN: Local LLM sustained latency 2060ms (avg over 20 samples)"
2025-10-29T16:45:05,WARN,Other,,"WARN: Local LLM latency 2058ms"
2025-10-29T16:45:05,WARN,BASELINEWARN,Local LLM,"BASELINE WARN: Local LLM sustained latency 2061ms (avg over 20 samples)"
2025-10-29T16:50:06,WARN,Other,,"WARN: Local LLM latency 2056ms"
2025-10-29T16:50:06,WARN,Other,,"WARN: Cloud AI latency 721ms"
2025-10-29T16:50:06,WARN,BASELINEWARN,Local LLM,"BASELINE WARN: Local LLM sustained latency 2062ms (avg over 20 samples)"
2025-10-29T16:50:06,WARN,Spike,Cloud AI,"SPIKE: Cloud AI latency 721ms (avg 268 +/- 22)"
2025-10-29T16:50:06,WARN,Spike,Gateway,"SPIKE: Gateway latency 252ms (avg 222 +/- 5)"
2025-10-29T16:55:05,WARN,Other,,"WARN: Local LLM latency 2070ms"
2025-10-29T16:55:05,WARN,BASELINEWARN,Local LLM,"BASELINE WARN: Local LLM sustained latency 2062ms (avg over 20 samples)"
2025-10-29T17:00:06,WARN,Other,,"WARN: Local LLM latency 2069ms"
2025-10-29T17:00:06,WARN,BASELINEWARN,Local LLM,"BASELINE WARN: Local LLM sustained latency 2063ms (avg over 20 samples)"
2025-10-29T17:05:07,WARN,Other,,"WARN: Local LLM latency 2059ms"
2025-10-29T17:05:07,WARN,BASELINEWARN,Local LLM,"BASELINE WARN: Local LLM sustained latency 2063ms (avg over 20 samples)"
2025-10-29T17:10:09,ALERT,Alert,,"ALERT: Lumen Gateway latency 4061ms"
2025-10-29T17:10:09,WARN,Other,,"WARN: Local LLM latency 2063ms"
2025-10-29T17:10:09,WARN,BASELINEWARN,Local LLM,"BASELINE WARN: Local LLM sustained latency 2063ms (avg over 20 samples)"
2025-10-29T17:10:09,WARN,Spike,Gateway,"SPIKE: Gateway latency 4061ms (avg 225 +/- 10)"
2025-10-29T17:15:06,WARN,Other,,"WARN: Local LLM latency 2062ms"
2025-10-29T17:15:06,WARN,BASELINEWARN,Local LLM,"BASELINE WARN: Local LLM sustained latency 2064ms (avg over 20 samples)"
2025-10-29T17:20:06,WARN,Other,,"WARN: Local LLM latency 2058ms"
2025-10-29T17:20:06,WARN,BASELINEWARN,Local LLM,"BASELINE WARN: Local LLM sustained latency 2063ms (avg over 20 samples)"
2025-10-29T17:25:05,WARN,Other,,"WARN: Local LLM latency 2074ms"
2025-10-29T17:25:05,WARN,BASELINEWARN,Local LLM,"BASELINE WARN: Local LLM sustained latency 2062ms (avg over 20 samples)"
2025-10-29T17:30:06,WARN,Other,,"WARN: Local LLM latency 2056ms"
2025-10-29T17:30:06,WARN,BASELINEWARN,Local LLM,"BASELINE WARN: Local LLM sustained latency 2062ms (avg over 20 samples)"
2025-10-29T17:35:06,WARN,Other,,"WARN: Local LLM latency 2069ms"
2025-10-29T17:35:06,WARN,BASELINEWARN,Local LLM,"BASELINE WARN: Local LLM sustained latency 2063ms (avg over 20 samples)"
2025-10-29T17:40:06,WARN,Other,,"WARN: Local LLM latency 2061ms"
2025-10-29T17:40:06,WARN,BASELINEWARN,Local LLM,"BASELINE WARN: Local LLM sustained latency 2063ms (avg over 20 samples)"
2025-10-29T17:45:06,WARN,Other,,"WARN: Local LLM latency 2069ms"
2025-10-29T17:45:06,WARN,BASELINEWARN,Local LLM,"BASELINE WARN: Local LLM sustained latency 2063ms (avg over 20 samples)"
2025-10-29T17:50:06,WARN,Other,,"WARN: Local LLM latency 2049ms"
2025-10-29T17:50:06,WARN,BASELINEWARN,Local LLM,"BASELINE WARN: Local LLM sustained latency 2063ms (avg over 20 samples)"
2025-10-29T17:55:06,WARN,Other,,"WARN: Local LLM latency 2075ms"
2025-10-29T17:55:06,WARN,BASELINEWARN,Local LLM,"BASELINE WARN: Local LLM sustained latency 2062ms (avg over 20 samples)"
2025-10-29T18:00:05,WARN,Other,,"WARN: Local LLM latency 2056ms"
2025-10-29T18:00:05,WARN,BASELINEWARN,Local LLM,"BASELINE WARN: Local LLM sustained latency 2063ms (avg over 20 samples)"
2025-10-29T18:05:05,WARN,Other,,"WARN: Local LLM latency 2064ms"
2025-10-29T18:05:05,WARN,BASELINEWARN,Local LLM,"BASELINE WARN: Local LLM sustained latency 2063ms (avg over 20 samples)"
2025-10-29T18:10:05,WARN,Other,,"WARN: Local LLM latency 2055ms"
2025-10-29T18:10:05,WARN,BASELINEWARN,Local LLM,"BASELINE WARN: Local LLM sustained latency 2063ms (avg over 20 samples)"
2025-10-29T18:15:09,WARN,Other,,"WARN: Local LLM latency 2064ms"
2025-10-29T18:15:09,WARN,BASELINEWARN,Local LLM,"BASELINE WARN: Local LLM sustained latency 2063ms (avg over 20 samples)"
2025-10-29T18:20:06,WARN,Other,,"WARN: Local LLM latency 2064ms"
2025-10-29T18:20:06,WARN,BASELINEWARN,Local LLM,"BASELINE WARN: Local LLM sustained latency 2063ms (avg over 20 samples)"
2025-10-29T18:20:06,WARN,Spike,Cloud AI,"SPIKE: Cloud AI latency 283ms (avg 269 +/- 5)"
2025-10-29T18:25:06,WARN,Other,,"WARN: Local LLM latency 2062ms"
2025-10-29T18:25:06,WARN,BASELINEWARN,Local LLM,"BASELINE WARN: Local LLM sustained latency 2063ms (avg over 20 samples)"
2025-10-29T18:25:06,WARN,Spike,Cloud AI,"SPIKE: Cloud AI latency 298ms (avg 270 +/- 6)"
2025-10-29T18:30:05,WARN,Other,,"WARN: Local LLM latency 2046ms"
2025-10-29T18:30:05,WARN,BASELINEWARN,Local LLM,"BASELINE WARN: Local LLM sustained latency 2063ms (avg over 20 samples)"
2025-10-29T18:35:06,WARN,Other,,"WARN: Local LLM latency 2065ms"
2025-10-29T18:35:06,WARN,BASELINEWARN,Local LLM,"BASELINE WARN: Local LLM sustained latency 2062ms (avg over 20 samples)"
2025-10-29T18:35:06,WARN,Spike,Cloud AI,"SPIKE: Cloud AI latency 333ms (avg 268 +/- 20)"
2025-10-29T18:40:06,WARN,Other,,"WARN: Local LLM latency 2059ms"
2025-10-29T18:40:06,WARN,BASELINEWARN,Local LLM,"BASELINE WARN: Local LLM sustained latency 2062ms (avg over 20 samples)"
2025-10-29T18:45:06,WARN,Other,,"WARN: Local LLM latency 2064ms"
2025-10-29T18:45:06,WARN,BASELINEWARN,Local LLM,"BASELINE WARN: Local LLM sustained latency 2062ms (avg over 20 samples)"
2025-10-29T18:50:06,WARN,Other,,"WARN: Local LLM latency 2060ms"
2025-10-29T18:50:06,WARN,BASELINEWARN,Local LLM,"BASELINE WARN: Local LLM sustained latency 2062ms (avg over 20 samples)"
2025-10-29T18:55:06,WARN,Other,,"WARN: Local LLM latency 2066ms"
2025-10-29T18:55:06,WARN,BASELINEWARN,Local LLM,"BASELINE WARN: Local LLM sustained latency 2062ms (avg over 20 samples)"
2025-10-29T19:05:07,WARN,Other,,"WARN: Local LLM latency 2050ms"
2025-10-29T19:05:07,WARN,BASELINEWARN,Local LLM,"BASELINE WARN: Local LLM sustained latency 2062ms (avg over 20 samples)"
2025-10-29T19:10:06,WARN,Other,,"WARN: Local LLM latency 2091ms"
2025-10-29T19:10:06,WARN,BASELINEWARN,Local LLM,"BASELINE WARN: Local LLM sustained latency 2061ms (avg over 20 samples)"
2025-10-29T19:10:06,WARN,Spike,Local LLM,"SPIKE: Local LLM latency 2091ms (avg 2060 +/- 7)"
2025-10-29T19:10:06,WARN,Spike,Gateway,"SPIKE: Gateway latency 235ms (avg 220 +/- 3)"
2025-10-29T19:15:06,WARN,Other,,"WARN: Local LLM latency 2053ms"
2025-10-29T19:15:06,WARN,BASELINEWARN,Local LLM,"BASELINE WARN: Local LLM sustained latency 2062ms (avg over 20 samples)"
2025-10-29T19:20:05,WARN,Other,,"WARN: Local LLM latency 2064ms"
2025-10-29T19:20:05,WARN,BASELINEWARN,Local LLM,"BASELINE WARN: Local LLM sustained latency 2062ms (avg over 20 samples)"
2025-10-29T19:25:06,WARN,Other,,"WARN: Local LLM latency 2051ms"
2025-10-29T19:25:06,WARN,BASELINEWARN,Local LLM,"BASELINE WARN: Local LLM sustained latency 2062ms (avg over 20 samples)"
2025-10-29T19:30:05,WARN,Other,,"WARN: Local LLM latency 2044ms"
2025-10-29T19:30:05,WARN,BASELINEWARN,Local LLM,"BASELINE WARN: Local LLM sustained latency 2061ms (avg over 20 samples)"
2025-10-29T19:35:06,WARN,Other,,"WARN: Local LLM latency 2066ms"
2025-10-29T19:35:06,WARN,BASELINEWARN,Local LLM,"BASELINE WARN: Local LLM sustained latency 2060ms (avg over 20 samples)"
2025-10-29T19:40:05,WARN,Other,,"WARN: Local LLM latency 2075ms"
2025-10-29T19:40:05,WARN,BASELINEWARN,Local LLM,"BASELINE WARN: Local LLM sustained latency 2061ms (avg over 20 samples)"
2025-10-29T19:45:06,WARN,Other,,"WARN: Local LLM latency 2052ms"
2025-10-29T19:45:06,WARN,BASELINEWARN,Local LLM,"BASELINE WARN: Local LLM sustained latency 2061ms (avg over 20 samples)"
2025-10-29T19:50:06,WARN,Other,,"WARN: Local LLM latency 2036ms"
2025-10-29T19:50:06,WARN,BASELINEWARN,Local LLM,"BASELINE WARN: Local LLM sustained latency 2061ms (avg over 20 samples)"
2025-10-29T19:55:05,WARN,Other,,"WARN: Local LLM latency 2065ms"
2025-10-29T19:55:05,WARN,BASELINEWARN,Local LLM,"BASELINE WARN: Local LLM sustained latency 2059ms (avg over 20 samples)"
2025-10-29T20:00:06,WARN,Other,,"WARN: Local LLM latency 2060ms"
2025-10-29T20:00:06,WARN,BASELINEWARN,Local LLM,"BASELINE WARN: Local LLM sustained latency 2060ms (avg over 20 samples)"
2025-10-29T20:05:06,WARN,Other,,"WARN: Local LLM latency 2056ms"
2025-10-29T20:05:06,WARN,BASELINEWARN,Local LLM,"BASELINE WARN: Local LLM sustained latency 2060ms (avg over 20 samples)"
2025-10-29T20:10:06,WARN,Other,,"WARN: Local LLM latency 2081ms"
2025-10-29T20:10:06,WARN,BASELINEWARN,Local LLM,"BASELINE WARN: Local LLM sustained latency 2059ms (avg over 20 samples)"
2025-10-29T20:10:06,WARN,Spike,Local LLM,"SPIKE: Local LLM latency 2081ms (avg 2057 +/- 12)"